<?xml version="1.0" encoding="UTF-8"?>
<entities>
  <entity name="daily-report-content" table="daily_report_content" alias="drc">
    <member name="report-id" field="report_id" value-type="int" length="10" nullable="false" key="true" />
    <member name="content" field="content" value-type="byte[]" length="2147483647" nullable="false" />
    <member name="creation-date" field="creation_date" value-type="Date" nullable="false" />
    <var name="key-report-id" value-type="int" key-member="report-id" />
    <primary-key name="PRIMARY" members="report_id" />
    <readsets>
      <readset name="FULL" all="true" />
    </readsets>
    <updatesets>
      <updateset name="FULL" all="true" />
    </updatesets>
    <query-defs>
      <query name="find-by-PK" type="SELECT">
        <param name="key-report-id" />
        <statement><![CDATA[SELECT <FIELDS/>
        FROM <TABLE/>
        WHERE <FIELD name='report-id'/> = ${key-report-id}]]></statement>
      </query>
      <query name="insert" type="INSERT">
        <statement><![CDATA[INSERT INTO <TABLE/>(<FIELDS/>)
        VALUES(<VALUES/>)]]></statement>
      </query>
      <query name="update-by-PK" type="UPDATE">
        <param name="key-report-id" />
        <statement><![CDATA[UPDATE <TABLE/>
        SET <FIELDS/>
        WHERE <FIELD name='report-id'/> = ${key-report-id}]]></statement>
      </query>
      <query name="delete-by-PK" type="DELETE">
        <param name="key-report-id" />
        <statement><![CDATA[DELETE FROM <TABLE/>
        WHERE <FIELD name='report-id'/> = ${key-report-id}]]></statement>
      </query>
    </query-defs>
  </entity>
  <entity name="dailygraph" table="dailygraph" alias="d">
    <member name="id" field="id" value-type="int" length="10" nullable="false" key="true" auto-increment="true" />
    <member name="name" field="name" value-type="String" length="20" nullable="false" />
    <member name="ip" field="ip" value-type="String" length="50" />
    <member name="domain" field="domain" value-type="String" length="50" nullable="false" />
    <member name="period" field="period" value-type="Date" nullable="false" />
    <member name="type" field="type" value-type="int" length="3" nullable="false" />
    <member name="detail-content" field="detail_content" value-type="String" length="16777215" nullable="false" />
    <member name="summary-content" field="summary_content" value-type="String" length="16777215" nullable="false" />
    <member name="creation-date" field="creation_date" value-type="Date" nullable="false" />
    <var name="key-id" value-type="int" key-member="id" />
    <primary-key name="PRIMARY" members="id" />
    <index name="dailygraph_period_ip_domain_name" unique="true" members="period ASC, ip ASC, domain ASC, name ASC" />
    <readsets>
      <readset name="FULL" all="true" />
    </readsets>
    <updatesets>
      <updateset name="FULL" all="true" />
    </updatesets>
    <query-defs>
      <query name="find-by-PK" type="SELECT">
        <param name="key-id" />
        <statement><![CDATA[SELECT <FIELDS/>
        FROM <TABLE/>
        WHERE <FIELD name='id'/> = ${key-id}]]></statement>
      </query>
      <query name="insert" type="INSERT">
        <statement><![CDATA[INSERT INTO <TABLE/>(<FIELDS/>)
        VALUES(<VALUES/>)]]></statement>
      </query>
      <query name="update-by-PK" type="UPDATE">
        <param name="key-id" />
        <statement><![CDATA[UPDATE <TABLE/>
        SET <FIELDS/>
        WHERE <FIELD name='id'/> = ${key-id}]]></statement>
      </query>
      <query name="delete-by-PK" type="DELETE">
        <param name="key-id" />
        <statement><![CDATA[DELETE FROM <TABLE/>
        WHERE <FIELD name='id'/> = ${key-id}]]></statement>
      </query>
    </query-defs>
  </entity>
  <entity name="dailyreport" table="dailyreport" alias="d2">
    <member name="id" field="id" value-type="int" length="10" nullable="false" key="true" auto-increment="true" />
    <member name="name" field="name" value-type="String" length="20" nullable="false" />
    <member name="ip" field="ip" value-type="String" length="50" nullable="false" />
    <member name="domain" field="domain" value-type="String" length="50" nullable="false" />
    <member name="period" field="period" value-type="Date" nullable="false" />
    <member name="type" field="type" value-type="int" length="3" nullable="false" />
    <member name="creation-date" field="creation_date" value-type="Date" nullable="false" />
    <var name="key-id" value-type="int" key-member="id" />
    <primary-key name="PRIMARY" members="id" />
    <index name="period" unique="true" members="period ASC, domain ASC, name ASC" />
    <readsets>
      <readset name="FULL" all="true" />
    </readsets>
    <updatesets>
      <updateset name="FULL" all="true" />
    </updatesets>
    <query-defs>
      <query name="find-by-PK" type="SELECT">
        <param name="key-id" />
        <statement><![CDATA[SELECT <FIELDS/>
        FROM <TABLE/>
        WHERE <FIELD name='id'/> = ${key-id}]]></statement>
      </query>
      <query name="insert" type="INSERT">
        <statement><![CDATA[INSERT INTO <TABLE/>(<FIELDS/>)
        VALUES(<VALUES/>)]]></statement>
      </query>
      <query name="update-by-PK" type="UPDATE">
        <param name="key-id" />
        <statement><![CDATA[UPDATE <TABLE/>
        SET <FIELDS/>
        WHERE <FIELD name='id'/> = ${key-id}]]></statement>
      </query>
      <query name="delete-by-PK" type="DELETE">
        <param name="key-id" />
        <statement><![CDATA[DELETE FROM <TABLE/>
        WHERE <FIELD name='id'/> = ${key-id}]]></statement>
      </query>
    </query-defs>
  </entity>
  <entity name="graph" table="graph" alias="g">
    <member name="id" field="id" value-type="int" length="10" nullable="false" key="true" auto-increment="true" />
    <member name="name" field="name" value-type="String" length="20" nullable="false" />
    <member name="ip" field="ip" value-type="String" length="50" />
    <member name="domain" field="domain" value-type="String" length="50" nullable="false" />
    <member name="period" field="period" value-type="Date" nullable="false" />
    <member name="type" field="type" value-type="int" length="3" nullable="false" />
    <member name="detail-content" field="detail_content" value-type="String" length="16777215" nullable="false" />
    <member name="summary-content" field="summary_content" value-type="String" length="16777215" nullable="false" />
    <member name="creation-date" field="creation_date" value-type="Date" nullable="false" />
    <var name="key-id" value-type="int" key-member="id" />
    <primary-key name="PRIMARY" members="id" />
    <index name="graph_period_ip_domain_name" unique="true" members="period ASC, ip ASC, domain ASC, name ASC" />
    <readsets>
      <readset name="FULL" all="true" />
    </readsets>
    <updatesets>
      <updateset name="FULL" all="true" />
    </updatesets>
    <query-defs>
      <query name="find-by-PK" type="SELECT">
        <param name="key-id" />
        <statement><![CDATA[SELECT <FIELDS/>
        FROM <TABLE/>
        WHERE <FIELD name='id'/> = ${key-id}]]></statement>
      </query>
      <query name="insert" type="INSERT">
        <statement><![CDATA[INSERT INTO <TABLE/>(<FIELDS/>)
        VALUES(<VALUES/>)]]></statement>
      </query>
      <query name="update-by-PK" type="UPDATE">
        <param name="key-id" />
        <statement><![CDATA[UPDATE <TABLE/>
        SET <FIELDS/>
        WHERE <FIELD name='id'/> = ${key-id}]]></statement>
      </query>
      <query name="delete-by-PK" type="DELETE">
        <param name="key-id" />
        <statement><![CDATA[DELETE FROM <TABLE/>
        WHERE <FIELD name='id'/> = ${key-id}]]></statement>
      </query>
    </query-defs>
  </entity>
  <entity name="hostinfo" table="hostinfo" alias="h">
    <member name="id" field="id" value-type="int" length="10" nullable="false" key="true" auto-increment="true" />
    <member name="ip" field="ip" value-type="String" length="50" nullable="false" />
    <member name="domain" field="domain" value-type="String" length="256" nullable="false" />
    <member name="hostname" field="hostname" value-type="String" length="256" />
    <member name="creation-date" field="creation_date" value-type="Date" nullable="false" />
    <member name="last-modified-date" field="last_modified_date" value-type="Date" nullable="false" />
    <var name="key-id" value-type="int" key-member="id" />
    <primary-key name="PRIMARY" members="id" />
    <index name="ip_index" unique="true" members="ip ASC" />
    <readsets>
      <readset name="FULL" all="true" />
    </readsets>
    <updatesets>
      <updateset name="FULL" all="true" />
    </updatesets>
    <query-defs>
      <query name="find-by-PK" type="SELECT">
        <param name="key-id" />
        <statement><![CDATA[SELECT <FIELDS/>
        FROM <TABLE/>
        WHERE <FIELD name='id'/> = ${key-id}]]></statement>
      </query>
      <query name="insert" type="INSERT">
        <statement><![CDATA[INSERT INTO <TABLE/>(<FIELDS/>)
        VALUES(<VALUES/>)]]></statement>
      </query>
      <query name="update-by-PK" type="UPDATE">
        <param name="key-id" />
        <statement><![CDATA[UPDATE <TABLE/>
        SET <FIELDS/>
        WHERE <FIELD name='id'/> = ${key-id}]]></statement>
      </query>
      <query name="delete-by-PK" type="DELETE">
        <param name="key-id" />
        <statement><![CDATA[DELETE FROM <TABLE/>
        WHERE <FIELD name='id'/> = ${key-id}]]></statement>
      </query>
    </query-defs>
  </entity>
  <entity name="monthly-report-content" table="monthly_report_content" alias="mrc">
    <member name="report-id" field="report_id" value-type="int" length="10" nullable="false" key="true" />
    <member name="content" field="content" value-type="byte[]" length="2147483647" nullable="false" />
    <member name="creation-date" field="creation_date" value-type="Date" nullable="false" />
    <var name="key-report-id" value-type="int" key-member="report-id" />
    <primary-key name="PRIMARY" members="report_id" />
    <readsets>
      <readset name="FULL" all="true" />
    </readsets>
    <updatesets>
      <updateset name="FULL" all="true" />
    </updatesets>
    <query-defs>
      <query name="find-by-PK" type="SELECT">
        <param name="key-report-id" />
        <statement><![CDATA[SELECT <FIELDS/>
        FROM <TABLE/>
        WHERE <FIELD name='report-id'/> = ${key-report-id}]]></statement>
      </query>
      <query name="insert" type="INSERT">
        <statement><![CDATA[INSERT INTO <TABLE/>(<FIELDS/>)
        VALUES(<VALUES/>)]]></statement>
      </query>
      <query name="update-by-PK" type="UPDATE">
        <param name="key-report-id" />
        <statement><![CDATA[UPDATE <TABLE/>
        SET <FIELDS/>
        WHERE <FIELD name='report-id'/> = ${key-report-id}]]></statement>
      </query>
      <query name="delete-by-PK" type="DELETE">
        <param name="key-report-id" />
        <statement><![CDATA[DELETE FROM <TABLE/>
        WHERE <FIELD name='report-id'/> = ${key-report-id}]]></statement>
      </query>
    </query-defs>
  </entity>
  <entity name="monthreport" table="monthreport" alias="m">
    <member name="id" field="id" value-type="int" length="10" nullable="false" key="true" auto-increment="true" />
    <member name="name" field="name" value-type="String" length="20" nullable="false" />
    <member name="ip" field="ip" value-type="String" length="50" nullable="false" />
    <member name="domain" field="domain" value-type="String" length="50" nullable="false" />
    <member name="period" field="period" value-type="Date" nullable="false" />
    <member name="type" field="type" value-type="int" length="3" nullable="false" />
    <member name="creation-date" field="creation_date" value-type="Date" nullable="false" />
    <var name="key-id" value-type="int" key-member="id" />
    <primary-key name="PRIMARY" members="id" />
    <index name="period" unique="true" members="period ASC, domain ASC, name ASC" />
    <readsets>
      <readset name="FULL" all="true" />
    </readsets>
    <updatesets>
      <updateset name="FULL" all="true" />
    </updatesets>
    <query-defs>
      <query name="find-by-PK" type="SELECT">
        <param name="key-id" />
        <statement><![CDATA[SELECT <FIELDS/>
        FROM <TABLE/>
        WHERE <FIELD name='id'/> = ${key-id}]]></statement>
      </query>
      <query name="insert" type="INSERT">
        <statement><![CDATA[INSERT INTO <TABLE/>(<FIELDS/>)
        VALUES(<VALUES/>)]]></statement>
      </query>
      <query name="update-by-PK" type="UPDATE">
        <param name="key-id" />
        <statement><![CDATA[UPDATE <TABLE/>
        SET <FIELDS/>
        WHERE <FIELD name='id'/> = ${key-id}]]></statement>
      </query>
      <query name="delete-by-PK" type="DELETE">
        <param name="key-id" />
        <statement><![CDATA[DELETE FROM <TABLE/>
        WHERE <FIELD name='id'/> = ${key-id}]]></statement>
      </query>
    </query-defs>
  </entity>
  <entity name="project" table="project" alias="p">
    <member name="id" field="id" value-type="int" length="10" nullable="false" key="true" auto-increment="true" />
    <member name="domain" field="domain" value-type="String" length="200" nullable="false" />
    <member name="cmdb-domain" field="cmdb_domain" value-type="String" length="200" />
    <member name="level" field="level" value-type="int" length="10" />
    <member name="bu" field="bu" value-type="String" length="50" />
    <member name="cmdb-productline" field="cmdb_productline" value-type="String" length="50" />
    <member name="owner" field="owner" value-type="String" length="50" />
    <member name="email" field="email" value-type="String" length="200" />
    <member name="phone" field="phone" value-type="String" length="200" />
    <member name="creation-date" field="creation_date" value-type="Date" />
    <member name="modify-date" field="modify_date" value-type="Date" />
    <var name="key-id" value-type="int" key-member="id" />
    <primary-key name="PRIMARY" members="id" />
    <index name="domain" members="domain ASC" />
    <readsets>
      <readset name="FULL" all="true" />
    </readsets>
    <updatesets>
      <updateset name="FULL" all="true" />
    </updatesets>
    <query-defs>
      <query name="find-by-PK" type="SELECT">
        <param name="key-id" />
        <statement><![CDATA[SELECT <FIELDS/>
        FROM <TABLE/>
        WHERE <FIELD name='id'/> = ${key-id}]]></statement>
      </query>
      <query name="insert" type="INSERT">
        <statement><![CDATA[INSERT INTO <TABLE/>(<FIELDS/>)
        VALUES(<VALUES/>)]]></statement>
      </query>
      <query name="update-by-PK" type="UPDATE">
        <param name="key-id" />
        <statement><![CDATA[UPDATE <TABLE/>
        SET <FIELDS/>
        WHERE <FIELD name='id'/> = ${key-id}]]></statement>
      </query>
      <query name="delete-by-PK" type="DELETE">
        <param name="key-id" />
        <statement><![CDATA[DELETE FROM <TABLE/>
        WHERE <FIELD name='id'/> = ${key-id}]]></statement>
      </query>
    </query-defs>
  </entity>
  <entity name="report" table="report" alias="r">
    <member name="id" field="id" value-type="int" length="10" nullable="false" key="true" auto-increment="true" />
    <member name="type" field="type" value-type="int" length="3" nullable="false" />
    <member name="name" field="name" value-type="String" length="20" nullable="false" />
    <member name="ip" field="ip" value-type="String" length="50" />
    <member name="domain" field="domain" value-type="String" length="50" nullable="false" />
    <member name="period" field="period" value-type="Date" nullable="false" />
    <member name="creation-date" field="creation_date" value-type="Date" nullable="false" />
    <var name="key-id" value-type="int" key-member="id" />
    <primary-key name="PRIMARY" members="id" />
    <index name="IX_Domain_Name_Period" members="domain ASC, name ASC, period ASC" />
    <index name="IX_Name_Period" members="name ASC, period ASC" />
    <index name="IX_Period" members="period ASC" />
    <readsets>
      <readset name="FULL" all="true" />
    </readsets>
    <updatesets>
      <updateset name="FULL" all="true" />
    </updatesets>
    <query-defs>
      <query name="find-by-PK" type="SELECT">
        <param name="key-id" />
        <statement><![CDATA[SELECT <FIELDS/>
        FROM <TABLE/>
        WHERE <FIELD name='id'/> = ${key-id}]]></statement>
      </query>
      <query name="insert" type="INSERT">
        <statement><![CDATA[INSERT INTO <TABLE/>(<FIELDS/>)
        VALUES(<VALUES/>)]]></statement>
      </query>
      <query name="update-by-PK" type="UPDATE">
        <param name="key-id" />
        <statement><![CDATA[UPDATE <TABLE/>
        SET <FIELDS/>
        WHERE <FIELD name='id'/> = ${key-id}]]></statement>
      </query>
      <query name="delete-by-PK" type="DELETE">
        <param name="key-id" />
        <statement><![CDATA[DELETE FROM <TABLE/>
        WHERE <FIELD name='id'/> = ${key-id}]]></statement>
      </query>
    </query-defs>
  </entity>
  <entity name="report-content" table="report_content" alias="rc">
    <member name="report-id" field="report_id" value-type="int" length="10" nullable="false" key="true" />
    <member name="content" field="content" value-type="byte[]" length="2147483647" nullable="false" />
    <member name="creation-date" field="creation_date" value-type="Date" nullable="false" />
    <var name="key-report-id" value-type="int" key-member="report-id" />
    <primary-key name="PRIMARY" members="report_id" />
    <readsets>
      <readset name="FULL" all="true" />
    </readsets>
    <updatesets>
      <updateset name="FULL" all="true" />
    </updatesets>
    <query-defs>
      <query name="find-by-PK" type="SELECT">
        <param name="key-report-id" />
        <statement><![CDATA[SELECT <FIELDS/>
        FROM <TABLE/>
        WHERE <FIELD name='report-id'/> = ${key-report-id}]]></statement>
      </query>
      <query name="insert" type="INSERT">
        <statement><![CDATA[INSERT INTO <TABLE/>(<FIELDS/>)
        VALUES(<VALUES/>)]]></statement>
      </query>
      <query name="update-by-PK" type="UPDATE">
        <param name="key-report-id" />
        <statement><![CDATA[UPDATE <TABLE/>
        SET <FIELDS/>
        WHERE <FIELD name='report-id'/> = ${key-report-id}]]></statement>
      </query>
      <query name="delete-by-PK" type="DELETE">
        <param name="key-report-id" />
        <statement><![CDATA[DELETE FROM <TABLE/>
        WHERE <FIELD name='report-id'/> = ${key-report-id}]]></statement>
      </query>
    </query-defs>
  </entity>
  <entity name="task" table="task" alias="t">
    <member name="id" field="id" value-type="int" length="10" nullable="false" key="true" auto-increment="true" />
    <member name="producer" field="producer" value-type="String" length="20" nullable="false" />
    <member name="consumer" field="consumer" value-type="String" length="20" />
    <member name="failure-count" field="failure_count" value-type="int" length="3" nullable="false" />
    <member name="report-name" field="report_name" value-type="String" length="20" nullable="false" />
    <member name="report-domain" field="report_domain" value-type="String" length="50" nullable="false" />
    <member name="report-period" field="report_period" value-type="Date" nullable="false" />
    <member name="status" field="status" value-type="int" length="3" nullable="false" />
    <member name="task-type" field="task_type" value-type="int" length="3" nullable="false" />
    <member name="creation-date" field="creation_date" value-type="Date" nullable="false" />
    <member name="start-date" field="start_date" value-type="Date" />
    <member name="end-date" field="end_date" value-type="Date" />
    <var name="key-id" value-type="int" key-member="id" />
    <primary-key name="PRIMARY" members="id" />
    <index name="task_period_domain_name_type" unique="true" members="report_period ASC, report_domain ASC, report_name ASC, task_type ASC" />
    <readsets>
      <readset name="FULL" all="true" />
    </readsets>
    <updatesets>
      <updateset name="FULL" all="true" />
    </updatesets>
    <query-defs>
      <query name="find-by-PK" type="SELECT">
        <param name="key-id" />
        <statement><![CDATA[SELECT <FIELDS/>
        FROM <TABLE/>
        WHERE <FIELD name='id'/> = ${key-id}]]></statement>
      </query>
      <query name="insert" type="INSERT">
        <statement><![CDATA[INSERT INTO <TABLE/>(<FIELDS/>)
        VALUES(<VALUES/>)]]></statement>
      </query>
      <query name="update-by-PK" type="UPDATE">
        <param name="key-id" />
        <statement><![CDATA[UPDATE <TABLE/>
        SET <FIELDS/>
        WHERE <FIELD name='id'/> = ${key-id}]]></statement>
      </query>
      <query name="delete-by-PK" type="DELETE">
        <param name="key-id" />
        <statement><![CDATA[DELETE FROM <TABLE/>
        WHERE <FIELD name='id'/> = ${key-id}]]></statement>
      </query>
    </query-defs>
  </entity>
  <entity name="weekly-report-content" table="weekly_report_content" alias="wrc">
    <member name="report-id" field="report_id" value-type="int" length="10" nullable="false" key="true" />
    <member name="content" field="content" value-type="byte[]" length="2147483647" nullable="false" />
    <member name="creation-date" field="creation_date" value-type="Date" nullable="false" />
    <var name="key-report-id" value-type="int" key-member="report-id" />
    <primary-key name="PRIMARY" members="report_id" />
    <readsets>
      <readset name="FULL" all="true" />
    </readsets>
    <updatesets>
      <updateset name="FULL" all="true" />
    </updatesets>
    <query-defs>
      <query name="find-by-PK" type="SELECT">
        <param name="key-report-id" />
        <statement><![CDATA[SELECT <FIELDS/>
        FROM <TABLE/>
        WHERE <FIELD name='report-id'/> = ${key-report-id}]]></statement>
      </query>
      <query name="insert" type="INSERT">
        <statement><![CDATA[INSERT INTO <TABLE/>(<FIELDS/>)
        VALUES(<VALUES/>)]]></statement>
      </query>
      <query name="update-by-PK" type="UPDATE">
        <param name="key-report-id" />
        <statement><![CDATA[UPDATE <TABLE/>
        SET <FIELDS/>
        WHERE <FIELD name='report-id'/> = ${key-report-id}]]></statement>
      </query>
      <query name="delete-by-PK" type="DELETE">
        <param name="key-report-id" />
        <statement><![CDATA[DELETE FROM <TABLE/>
        WHERE <FIELD name='report-id'/> = ${key-report-id}]]></statement>
      </query>
    </query-defs>
  </entity>
  <entity name="weeklyreport" table="weeklyreport" alias="w">
    <member name="id" field="id" value-type="int" length="10" nullable="false" key="true" auto-increment="true" />
    <member name="name" field="name" value-type="String" length="20" nullable="false" />
    <member name="ip" field="ip" value-type="String" length="50" nullable="false" />
    <member name="domain" field="domain" value-type="String" length="50" nullable="false" />
    <member name="period" field="period" value-type="Date" nullable="false" />
    <member name="type" field="type" value-type="int" length="3" nullable="false" />
    <member name="creation-date" field="creation_date" value-type="Date" nullable="false" />
    <var name="key-id" value-type="int" key-member="id" />
    <primary-key name="PRIMARY" members="id" />
    <index name="period" unique="true" members="period ASC, domain ASC, name ASC" />
    <readsets>
      <readset name="FULL" all="true" />
    </readsets>
    <updatesets>
      <updateset name="FULL" all="true" />
    </updatesets>
    <query-defs>
      <query name="find-by-PK" type="SELECT">
        <param name="key-id" />
        <statement><![CDATA[SELECT <FIELDS/>
        FROM <TABLE/>
        WHERE <FIELD name='id'/> = ${key-id}]]></statement>
      </query>
      <query name="insert" type="INSERT">
        <statement><![CDATA[INSERT INTO <TABLE/>(<FIELDS/>)
        VALUES(<VALUES/>)]]></statement>
      </query>
      <query name="update-by-PK" type="UPDATE">
        <param name="key-id" />
        <statement><![CDATA[UPDATE <TABLE/>
        SET <FIELDS/>
        WHERE <FIELD name='id'/> = ${key-id}]]></statement>
      </query>
      <query name="delete-by-PK" type="DELETE">
        <param name="key-id" />
        <statement><![CDATA[DELETE FROM <TABLE/>
        WHERE <FIELD name='id'/> = ${key-id}]]></statement>
      </query>
    </query-defs>
  </entity>
</entities>

