<?xml version="1.0" encoding="UTF-8"?>
<model model-package="com.dianping.cat.consumer.company.model" enable-merger="false"  enable-sax-parser="true"
	enable-base-visitor="false" >
  <entity name="company" root="true">
    <attribute name="name" value-type="String" />
    <entity-ref name="product-line" type="map" names="product-lines" method-find-or-create="true"/>
  </entity>
  <entity name="product-line">
    <attribute name="id" value-type="String" key="true"/>
    <attribute name="title" value-type="String"/>
    <attribute name="order" value-type="double"  primitive="true" />
    <entity-ref name="domain" type="map" names="domains" method-find-or-create="true"/>
  </entity>
  <entity name="domain">
    <attribute name="id" value-type="String" key="true"/>
  </entity>
</model>


