<?xml version="1.0" encoding="UTF-8"?>
<model>
	<entity name="transaction-report" root="true">
		<attribute name="domain" value-type="String" />
		<attribute name="startTime" value-type="Date" format="yyyy-MM-dd HH:mm:ss" />
		<attribute name="endTime" value-type="Date" format="yyyy-MM-dd HH:mm:ss" />
		<element name="domain" value-type="String" />
    	<entity-ref name="machine" type="list" names="machines" />
	</entity>
	<entity name="machine">
		<attribute name="ip" value-type="String" />
		<entity-ref name="type" type="list" names="types" />
	</entity>
	<entity name="type">
		<attribute name="id" value-type="String" />
		<attribute name="totalCount" value-type="int" />
		<attribute name="failCount" value-type="int" />
		<attribute name="failPercent" value-type="double" />
		<attribute name="min" value-type="double" />
		<attribute name="max" value-type="double" />
		<attribute name="avg" value-type="double" />
		<attribute name="sum" value-type="double" />
		<attribute name="sum2" value-type="double" />
		<attribute name="std" value-type="double" />
		<element name="successMessageUrl" value-type="String" />
		<element name="failMessageUrl" value-type="String" />
		<entity-ref name="name" type="list" names="names" />
	</entity>
	<entity name="name">
		<attribute name="id" value-type="String" />
		<attribute name="totalCount" value-type="int" />
		<attribute name="failCount" value-type="int" />
		<attribute name="failPercent" value-type="double" />
		<attribute name="min" value-type="double" />
		<attribute name="max" value-type="double" />
		<attribute name="avg" value-type="double" />
		<attribute name="sum" value-type="double" />
		<attribute name="sum2" value-type="double" />
		<attribute name="std" value-type="double" />
		<element name="successMessageUrl" value-type="String" />
		<element name="failMessageUrl" value-type="String" />
		<entity-ref name="range" type="list" names="ranges" />
		<entity-ref name="duration" type="list" names="durations" />
	</entity>
	<entity name="range">
		<attribute name="value" value-type="int" />
		<attribute name="count" value-type="int" />
		<attribute name="sum" value-type="double" />
		<attribute name="avg" value-type="double" />
		<attribute name="fails" value-type="int" />
	</entity>
	<entity name="duration">
		<attribute name="value" value-type="int" />
		<attribute name="count" value-type="int" />
	</entity>
</model>

