<?xml version="1.0" encoding="UTF-8"?>
<model model-package="com.dianping.cat.configuration.web.js" enable-merger="false"  enable-sax-parser="true"
	enable-base-visitor="false" >
    <entity name="aggregation" root="true">
    <entity-ref name="aggregation-rule" type="map" names="aggregation-rules"  method-find-or-create="true"/>
  </entity>
  <entity name="aggregation-rule">
    <attribute name="pattern" value-type="String" key="true"/>
    <attribute name="type" value-type="int" primitive="true"/>
    <attribute name="warn" value-type="int" primitive="true" default-value="200"/>
    <attribute name="mails" value-type="String" />
    <attribute name="domain" value-type="String" />
    <attribute name="sample" value-type="String" />
    <attribute name="display-name" value-type="String" />
    <attribute name="creation-date" value-type="Date" format="yyyy-MM-dd HH:mm:ss" />
  </entity>
</model>
