<?xml version="1.0" encoding="UTF-8"?>
<model model-package="com.dianping.cat.configuration.app.comparison"  enable-sax-parser="true">
  <entity name="app-comparison-config" root="true">
    <entity-ref name="app-comparison" type="map" names="app-comparisons" />
  </entity>
  <entity name="app-comparison">
    <attribute name="id" value-type="String" key="true" />
    <entity-ref name="item" type="list" names="items" />
    <attribute name="emails" value-type="String" />
  </entity>
  <entity name="item">
    <attribute name="id" value-type="String" />
    <attribute name="command" value-type="String" />
  </entity>
</model>

