<?xml version="1.0" encoding="UTF-8"?>
<model model-package="com.dianping.cat.configuration.app" root="true"   enable-merger="false"  enable-sax-parser="true"
	enable-base-visitor="false"  enable-xml-parser="false"  enable-xml-builder="false">
  <entity name="app-config">
    <entity-ref name="config-item" type="map" names="config-items" method-find-or-create="true"/>
    <entity-ref name="code" type="map" names="codes" method-find-or-create="true"/>
    <entity-ref name="command" type="map" names="commands" method-find-or-create="true"/>
  </entity>
  <entity name="config-item">
    <attribute name="id" value-type="String" key="true"/>
    <entity-ref name="item" type="map" names="items" method-find-or-create="true"/>
  </entity>
  <entity name="item">
    <attribute name="id" value-type="int" key="true"/>
    <attribute name="name" value-type="String" />
  </entity>
  <entity name="command">
    <attribute name="id" value-type="int" key="true"/>
    <attribute name="name" value-type="String" />
    <attribute name="domain" value-type="String" />
    <attribute name="title" value-type="String" />
    <attribute name="all" value-type="boolean" primitive="true" default-value="true"/>
    <attribute name="threshold" value-type="int" primitive="true" default-value="30"/>
    <entity-ref name="code" type="map" names="codes" method-find-or-create="true"/>
  </entity>
  <entity name="code">
    <attribute name="id" value-type="int" key="true"/>
    <attribute name="name" value-type="String" />
    <attribute name="status" value-type="int" />
  </entity>
</model>