<?xml version="1.0" encoding="UTF-8"?>
<model>
  <entity name="app-config" root="true">
    <entity-ref name="config-item" type="list" names="config-items" />
  </entity>
  <entity name="config-item">
    <attribute name="id" value-type="String" />
    <entity-ref name="item" type="list" names="items" />
  </entity>
  <entity name="item">
    <attribute name="id" value-type="int" />
    <attribute name="name" value-type="String" />
    <attribute name="des" value-type="String" />
  </entity>
</model>

