<?xml version="1.0" encoding="UTF-8"?>
<model model-package="com.dianping.cat.configuration.app.speed" root="true"   enable-merger="false"  enable-sax-parser="true"
	enable-base-visitor="false"  enable-xml-parser="false"  enable-xml-builder="false">
  <entity name="app-speed-config" root="true">
    <entity-ref name="speed" type="map" names="speeds" method-find-or-create="true"/>
  </entity>
  <entity name="speed">
    <attribute name="id" value-type="int" key="true" primitive="true"/>
    <attribute name="page" value-type="String" />
    <attribute name="step" value-type="int" primitive="true"/>
    <attribute name="title" value-type="String" />
    <attribute name="threshold" value-type="int" primitive="true"/>
  </entity>
</model>

