<?xml version="1.0" encoding="UTF-8"?>
<model model-package="com.dianping.cat.configuration.server.black"
	enable-sax-parser="true" enable-xml-parser="false" enable-xml-builder="false">
	<entity name="black-list" root="true">
		<element name="domain" value-type="String" type="set" names="domain-names" />
		<element name="ip" value-type="String" type="set" names="ips" />
		<entity-ref name="property" type="map" names="properties" />
	</entity>
	<entity name="property">
		<attribute name="name" value-type="String" key="true" />
	</entity>
</model>

