<?xml version="1.0" encoding="UTF-8"?>
<model model-package="com.dianping.cat.configuration.app.command" enable-merger="false"  enable-sax-parser="true"
	enable-base-visitor="false" >
  <entity name="command-format" root="true">
    <attribute name="picSmall" value-type="int" primitive="true" default-value="1000"/>
    <attribute name="picMiddel" value-type="int" primitive="true" default-value="2000"/>
    <attribute name="picLarge" value-type="int" primitive="true" default-value="4000"/>
    <entity-ref name="rule" type="list" names="rules" />
  </entity>
  <entity name="rule">
    <attribute name="type" value-type="int" primitive="true"/>
    <attribute name="pattern" value-type="String" />
    <entity-ref name="command" type="list" names="commands" />
  </entity>
  <entity name="command">
    <attribute name="id" value-type="String" />
  </entity>
</model>

