<?xml version="1.0" encoding="UTF-8"?>
<model model-package="com.dianping.cat.configuration.server" enable-sax-parser="true" enable-validator="true">
	<entity name="config" class-name="ServerConfig">
		<attribute name="local-mode" value-type="boolean" default-value="true"/>
		<attribute name="job-machine" value-type="boolean" default-value="false"/>
		<attribute name="alert-machine" value-type="boolean" default-value="false"/>
		<attribute name="hdfs-machine" value-type="boolean" default-value="true"/>
		<attribute name="send-machine" value-type="boolean" default-value="true"/>
   	 	<entity-ref name="ldap" />
		<entity-ref name="property" type="map" names="properties"/>
	</entity>
	<entity name="ldap" class-name="ldap">
		<attribute name="ldapUrl" value-type="String" default-value="ldap://idcldap.dianpingoa.com/DC=dianpingoa,DC=com" />
	</entity>
	<entity name="storage" class-name="StorageConfig">
		<attribute name="local-base-dir" value-type="String" default-value="target/bucket" />
		<attribute name="upload-thread" value-type="int" primitive="true" default-value="5" />
		<attribute name="max-hdfs-storage-time" value-type="int" primitive="true" default-value="15" />
		<attribute name="local-report-storage-time" value-type="int" primitive="true" default-value="3" />
		<attribute name="local-logivew-storage-time" value-type="int" primitive="true" default-value="7" />
		<entity-ref name="hdfs" type="map" names="hdfses" />
		<entity-ref name="property" type="map" names="properties" xml-indent="true" />
	</entity>
	<entity name="hdfs" class-name="HdfsConfig">
		<attribute name="id" value-type="String" key="true" />
		<attribute name="max-size" value-type="String" default-value="128M" />
	</entity>
	<entity name="property">
		<attribute name="name" value-type="String" key="true" />
	</entity>
	<entity name="consumer" class-name="ConsumerConfig" />
	<entity name="long-config">
		<attribute name="default-url-threshold" value-type="int" default-value="1000" />
		<attribute name="default-sql-threshold" value-type="int" default-value="100" />
		<attribute name="default-service-threshold" value-type="int" default-value="50" />
		<entity-ref name="domain" type="map" names="domains" />
	</entity>
	<entity name="domain">
		<attribute name="name" value-type="String" key="true" />
	</entity>
	<entity name="console" class-name="ConsoleConfig">
		<attribute name="default-domain" value-type="String" default-value="Cat" />
		<attribute name="show-cat-domain" value-type="boolean" default-value="true" />
	</entity>
</model>

